NEW,xHC.col.names,RefSeq,Description,RefSeq_short
,rna19573_UTR3_UTR3,NA,NA,NA
,rna6698_UTR3_UTR3,NA,NA,NA
,rna14852_UTR5_UTR5,NA,NA,NA
,rnd-5_family-3389_459_997_TE,NA,NA,NA
,rna19573_UTR5_UTR5,NA,NA,NA
,rna1367_UTR5_UTR5,NA,NA,NA
,rna6697_UTR3_UTR3,NA,NA,NA
,rna876_UTR5_UTR5,NA,NA,NA
,rna2541_UTR5_UTR5,NA,NA,NA
,rna15289_UTR3_UTR3,NA,NA,NA
,rna4834_UTR3_UTR3,NA,NA,NA
,rna20332_UTR5_UTR5,NA,NA,NA
,rna873_UTR5_UTR5,NA,NA,NA
,rna16539_UTR3_UTR3,NA,NA,NA
,rna16921_UTR3_UTR3,NA,NA,NA
,rna19804_UTR5_UTR5,NA,NA,NA
,rna1583_UTR5_UTR5,NA,NA,NA
,rna11683_UTR3_UTR3,NA,NA,NA
,rna19216_UTR3_UTR3,NA,NA,NA
,MC37_None,NA,NA,NA
,rna12480_UTR3_UTR3,NA,NA,NA
,rnd-5_family-1917_4_617_TE,NA,NA,NA
,rna872_UTR3_UTR3,NA,NA,NA
,rna1387_UTR5_UTR5,NA,NA,NA
,rna15958_UTR3_UTR3,NA,NA,NA
,rna14665_UTR5_UTR5,NA,NA,NA
,rna11042_UTR3_UTR3,NA,NA,NA
,rna16087_UTR3_UTR3,NA,NA,NA
,NC_015768.1_8751,NA,NA,NA
,rna15320_UTR5_UTR5,NA,NA,NA
,rna10631_UTR3_UTR3,NA,NA,NA
,rna21070_UTR5_UTR5,NA,NA,NA
,rna17493_UTR5_UTR5,NA,NA,NA
,NW_003566858.1_37709,NA,NA,NA
,rna1714_UTR3_UTR3,NA,NA,NA
,rna3601_UTR3_UTR3,NA,NA,NA
,rna17877_UTR5_UTR5,NA,NA,NA
,rna2843_UTR3_UTR3,NA,NA,NA
,rna4923_UTR5_UTR5,NA,NA,NA
,rna13408_UTR5_UTR5,NA,NA,NA
,NC_015769.1_10121,NA,NA,NA
,rna1752_UTR5_UTR5,NA,NA,NA
,NC_015772.1_14283,NA,NA,NA
,rnd-6_family-1580_1_797_TE,NA,NA,NA
,NC_015778.1_18507,NA,NA,NA
,rnd-5_family-1703_1_1388_TE,NA,NA,NA
,BOTMAR1_1_975_TE,NA,NA,NA
,rna5436_UTR5_UTR5,NA,NA,NA
,NW_003565985.1_26226,NA,NA,NA
,rna20318_UTR3_UTR3,NA,NA,NA
,rna20318_UTR5_UTR5,NA,NA,NA
,bte-bantam_MI0001574_,NA,NA,NA
,bte-mir-1_MI0001575,NA,NA,NA
,bte-mir-9a_MI0001596,NA,NA,NA
,bte-mir-125_MI0001578,NA,NA,NA
,bte-mir-279b_MI0016201,NA,NA,NA
,rnd-5_family-671_1193_2030_TE,NA,NA,NA
,rna19114_UTR3_UTR3,NA,NA,NA
,rna3505_UTR5_UTR5,NA,NA,NA
,NC_015775.1_15859,NA,NA,NA
,rna20831_UTR5_UTR5,NA,NA,NA
,rna21644_UTR5_UTR5,NA,NA,NA
,rna4017_UTR3_UTR3,NA,NA,NA
,NC_015773.1_15238,NA,NA,NA
,NC_015777.1_17843,NA,NA,NA
,NC_015765.1_5591,NA,NA,NA
,rna18266_UTR5_UTR5,NA,NA,NA
,rna17371_UTR5_UTR5,NA,NA,NA
,rna11210_UTR5_UTR5,NA,NA,NA
,rna9396_UTR3_UTR3,NA,NA,NA
,NW_003566135.1_29581,NA,NA,NA
,rna8556_UTR3_UTR3,NA,NA,NA
,rna8557_UTR5_UTR5,NA,NA,NA
,rna5318_UTR3_UTR3,NA,NA,NA
,rna3467_UTR5_UTR5,NA,NA,NA
,rnd-6_family-1026_336_937_TE,NA,NA,NA
,NC_015773.1_14909,NA,NA,NA
,rnd-5_family-3691_1_622_TE,NA,NA,NA
,NC_015762.1_1236,NA,NA,NA
,rnd-6_family-884_1_816_TE,NA,NA,NA
,rnd-4_family-430_2_604_TE,NA,NA,NA
,rnd-6_family-1555_1_572_TE,NA,NA,NA
,NC_015778.1_18720,NA,NA,NA
,rna6602_UTR3_UTR3,NA,NA,NA
,rnd-5_family-3195_276_2286_TE,NA,NA,NA
,MC65_None,NA,NA,NA
,rna11581_UTR5_UTR5,NA,NA,NA
,rna7869_UTR5_UTR5,NA,NA,NA
,rna688_UTR3_UTR3,NA,NA,NA
,NC_015771.1_11825,NA,NA,NA
,rnd-4_family-113_2_2054_TE,NA,NA,NA
,rna11635_UTR3_UTR3,NA,NA,NA
,NC_015762.1_411,NA,NA,NA
,NC_015777.1_18125,NA,NA,NA
,rnd-3_family-307_603_1448_TE,NA,NA,NA
,rna11430_UTR5_UTR5,NA,NA,NA
,rna21134_UTR5_UTR5,NA,NA,NA
,NC_015769.1_10192,NA,NA,NA
,rnd-5_family-2255_2227_3232_TE,NA,NA,NA
,rna10289_UTR5_UTR5,NA,NA,NA
,NC_015770.1_10730,NA,NA,NA
,rnd-6_family-428_38_1073_TE,NA,NA,NA
,rnd-5_family-1739_1091_2514_TE,NA,NA,NA
,rnd-4_family-450_1_1392_TE,NA,NA,NA
,rnd-4_family-113_927_1500_TE,NA,NA,NA
,rna12575_UTR5_UTR5,NA,NA,NA
,rna13050_UTR5_UTR5,NA,NA,NA
,Copia-4_MMa-I_3128_4112_TE,NA,NA,NA
,rnd-5_family-1522_1806_5325_TE,NA,NA,NA
,rnd-4_family-489_4_374_TE,NA,NA,NA
,NC_015771.1_11678,NA,NA,NA
,NC_015770.1_11556,NA,NA,NA
,rnd-5_family-1522_3822_4408_TE,NA,NA,NA
LOC100642360,LOC100642360,XM_012320608.1,PREDICTED: Bombus terrestris uncharacterized LOC100642360 (LOC100642360) transcript variant X1,XM_012320608
LOC100642360,LOC100642360,XM_003394160.2,PREDICTED: Bombus terrestris uncharacterized LOC100642360 (LOC100642360) transcript variant X3,XM_003394160
LOC100642360,LOC100642360,XM_012320609.1,PREDICTED: Bombus terrestris uncharacterized LOC100642360 (LOC100642360) transcript variant X2,XM_012320609
LOC100642410,LOC100642410,NA,NA,NA
LOC100642443,LOC100642443,XM_003394790.2,PREDICTED: Bombus terrestris leucine-rich repeat-containing protein 70 (LOC100642443),XM_003394790
LOC100642473,LOC100642473,XM_003402455.2,PREDICTED: Bombus terrestris ATP-dependent RNA helicase Ddx1 (LOC100642473),XM_003402455
LOC100642506,LOC100642506,XM_003401428.2,PREDICTED: Bombus terrestris RING finger protein 141-like (LOC100642506),XM_003401428
LOC100642539,LOC100642539,XM_003401101.2,PREDICTED: Bombus terrestris homeotic protein empty spiracles-like (LOC100642539),XM_003401101
LOC100642557,LOC100642557,XM_003393997.2,PREDICTED: Bombus terrestris protein MIS12 homolog (LOC100642557),XM_003393997
LOC100642571,LOC100642571,XM_012311370.1,PREDICTED: Bombus terrestris mediator of RNA polymerase II transcription subunit 13 (LOC100642571) transcript variant X6,XM_012311370
LOC100642571,LOC100642571,XM_012311366.1,PREDICTED: Bombus terrestris mediator of RNA polymerase II transcription subunit 13 (LOC100642571) transcript variant X1,XM_012311366
LOC100642571,LOC100642571,XM_012311367.1,PREDICTED: Bombus terrestris mediator of RNA polymerase II transcription subunit 13 (LOC100642571) transcript variant X3,XM_012311367
LOC100642571,LOC100642571,XM_003397392.2,PREDICTED: Bombus terrestris mediator of RNA polymerase II transcription subunit 13 (LOC100642571) transcript variant X2,XM_003397392
LOC100642571,LOC100642571,XM_012311369.1,PREDICTED: Bombus terrestris mediator of RNA polymerase II transcription subunit 13 (LOC100642571) transcript variant X5,XM_012311369
LOC100642571,LOC100642571,XM_012311368.1,PREDICTED: Bombus terrestris mediator of RNA polymerase II transcription subunit 13 (LOC100642571) transcript variant X4,XM_012311368
LOC100642576,LOC100642576,XM_012312527.1,PREDICTED: Bombus terrestris nuclear migration protein nudC (LOC100642576),XM_012312527
LOC100642646,LOC100642646,XM_003398117.2,PREDICTED: Bombus terrestris transmembrane protein 50A (LOC100642646) transcript variant X4,XM_003398117
LOC100642646,LOC100642646,XM_003398118.2,PREDICTED: Bombus terrestris transmembrane protein 50A (LOC100642646) transcript variant X6,XM_003398118
LOC100642646,LOC100642646,XM_012312416.1,PREDICTED: Bombus terrestris transmembrane protein 50A (LOC100642646) transcript variant X1,XM_012312416
LOC100642646,LOC100642646,XM_012312418.1,PREDICTED: Bombus terrestris transmembrane protein 50A (LOC100642646) transcript variant X3,XM_012312418
LOC100642646,LOC100642646,XM_012312417.1,PREDICTED: Bombus terrestris transmembrane protein 50A (LOC100642646) transcript variant X2,XM_012312417
LOC100642646,LOC100642646,XM_012312419.1,PREDICTED: Bombus terrestris transmembrane protein 50A (LOC100642646) transcript variant X5,XM_012312419
LOC100642686,LOC100642686,XR_001098662.1,PREDICTED: Bombus terrestris ankyrin-3-like (LOC100642686) transcript variant X19,XR_001098662
LOC100642686,LOC100642686,XM_012308023.1,PREDICTED: Bombus terrestris ankyrin-3-like (LOC100642686) transcript variant X20,XM_012308023
LOC100642686,LOC100642686,XM_012308018.1,PREDICTED: Bombus terrestris ankyrin-3-like (LOC100642686) transcript variant X6,XM_012308018
LOC100642686,LOC100642686,XR_001098652.1,PREDICTED: Bombus terrestris ankyrin-3-like (LOC100642686) transcript variant X5,XR_001098652
LOC100642686,LOC100642686,XR_001098651.1,PREDICTED: Bombus terrestris ankyrin-3-like (LOC100642686) transcript variant X4,XR_001098651
LOC100642686,LOC100642686,XR_001098650.1,PREDICTED: Bombus terrestris ankyrin-3-like (LOC100642686) transcript variant X3,XR_001098650
LOC100642686,LOC100642686,XM_012308021.1,PREDICTED: Bombus terrestris ankyrin-3-like (LOC100642686) transcript variant X9,XM_012308021
LOC100642686,LOC100642686,XR_001098658.1,PREDICTED: Bombus terrestris ankyrin-3-like (LOC100642686) transcript variant X15,XR_001098658
LOC100642686,LOC100642686,XR_001098659.1,PREDICTED: Bombus terrestris ankyrin-3-like (LOC100642686) transcript variant X16,XR_001098659
LOC100642686,LOC100642686,XR_001098653.1,PREDICTED: Bombus terrestris ankyrin-3-like (LOC100642686) transcript variant X8,XR_001098653
LOC100642686,LOC100642686,XR_001098648.1,PREDICTED: Bombus terrestris ankyrin-3-like (LOC100642686) transcript variant X1,XR_001098648
LOC100642686,LOC100642686,XR_001098655.1,PREDICTED: Bombus terrestris ankyrin-3-like (LOC100642686) transcript variant X11,XR_001098655
LOC100642686,LOC100642686,XM_012308020.1,PREDICTED: Bombus terrestris ankyrin-3-like (LOC100642686) transcript variant X7,XM_012308020
LOC100642686,LOC100642686,XR_001098654.1,PREDICTED: Bombus terrestris ankyrin-3-like (LOC100642686) transcript variant X10,XR_001098654
LOC100642686,LOC100642686,XR_001098649.1,PREDICTED: Bombus terrestris ankyrin-3-like (LOC100642686) transcript variant X2,XR_001098649
LOC100642686,LOC100642686,XM_012308022.1,PREDICTED: Bombus terrestris ankyrin-3-like (LOC100642686) transcript variant X12,XM_012308022
LOC100642686,LOC100642686,XR_001098656.1,PREDICTED: Bombus terrestris ankyrin-3-like (LOC100642686) transcript variant X13,XR_001098656
LOC100642686,LOC100642686,XR_001098660.1,PREDICTED: Bombus terrestris ankyrin-3-like (LOC100642686) transcript variant X17,XR_001098660
LOC100642686,LOC100642686,XR_001098657.1,PREDICTED: Bombus terrestris ankyrin-3-like (LOC100642686) transcript variant X14,XR_001098657
LOC100642686,LOC100642686,XR_001098661.1,PREDICTED: Bombus terrestris ankyrin-3-like (LOC100642686) transcript variant X18,XR_001098661
LOC100642694,LOC100642694,XM_012311718.1,PREDICTED: Bombus terrestris CKLF-like MARVEL transmembrane domain-containing protein 4 (LOC100642694),XM_012311718
LOC100642730,LOC100642730,XM_003397635.2,PREDICTED: Bombus terrestris innexin inx1 (LOC100642730),XM_003397635
LOC100642771,LOC100642771,XM_003399889.2,PREDICTED: Bombus terrestris fasciclin-3 (LOC100642771) transcript variant X3,XM_003399889
LOC100642771,LOC100642771,XM_012315202.1,PREDICTED: Bombus terrestris fasciclin-3 (LOC100642771) transcript variant X1,XM_012315202
LOC100642771,LOC100642771,XM_003399890.2,PREDICTED: Bombus terrestris fasciclin-3 (LOC100642771) transcript variant X2,XM_003399890
LOC100642878,LOC100642878,XM_012308880.1,PREDICTED: Bombus terrestris atlastin (LOC100642878) transcript variant X3,XM_012308880
LOC100642878,LOC100642878,XM_012308878.1,PREDICTED: Bombus terrestris atlastin (LOC100642878) transcript variant X1,XM_012308878
LOC100642878,LOC100642878,XM_012308879.1,PREDICTED: Bombus terrestris atlastin (LOC100642878) transcript variant X2,XM_012308879
LOC100642878,LOC100642878,XM_012308881.1,PREDICTED: Bombus terrestris atlastin (LOC100642878) transcript variant X4,XM_012308881
LOC100642878,LOC100642878,XM_012308883.1,PREDICTED: Bombus terrestris atlastin (LOC100642878) transcript variant X6,XM_012308883
LOC100642878,LOC100642878,XM_012308884.1,PREDICTED: Bombus terrestris atlastin (LOC100642878) transcript variant X7,XM_012308884
LOC100642878,LOC100642878,XM_012308882.1,PREDICTED: Bombus terrestris atlastin (LOC100642878) transcript variant X5,XM_012308882
LOC100643297,LOC100643297,XM_012316141.1,PREDICTED: Bombus terrestris NAD kinase-like (LOC100643297),XM_012316141
LOC100643320,LOC100643320,XM_012309082.1,PREDICTED: Bombus terrestris charged multivesicular body protein 1b (LOC100643320) transcript variant X5,XM_012309082
LOC100643320,LOC100643320,XM_003395292.2,PREDICTED: Bombus terrestris charged multivesicular body protein 1b (LOC100643320) transcript variant X1,XM_003395292
LOC100643320,LOC100643320,XM_012309081.1,PREDICTED: Bombus terrestris charged multivesicular body protein 1b (LOC100643320) transcript variant X3,XM_012309081
LOC100643320,LOC100643320,XR_001098761.1,PREDICTED: Bombus terrestris charged multivesicular body protein 1b (LOC100643320) transcript variant X2,XR_001098761
LOC100643320,LOC100643320,XR_001098762.1,PREDICTED: Bombus terrestris charged multivesicular body protein 1b (LOC100643320) transcript variant X4,XR_001098762
LOC100643352,LOC100643352,NA,NA,NA
LOC100643497,LOC100643497,XM_012314618.1,PREDICTED: Bombus terrestris WD repeat domain phosphoinositide-interacting protein 4-like (LOC100643497),XM_012314618
LOC100643527,LOC100643527,XM_012309392.1,PREDICTED: Bombus terrestris 4-hydroxybenzoate polyprenyltransferase,XM_012309392
LOC100643532,LOC100643532,XM_012311268.1,PREDICTED: Bombus terrestris probable JmjC domain-containing histone demethylation protein 2C (LOC100643532) transcript variant X5,XM_012311268
LOC100643532,LOC100643532,XM_012311264.1,PREDICTED: Bombus terrestris probable JmjC domain-containing histone demethylation protein 2C (LOC100643532) transcript variant X1,XM_012311264
LOC100643532,LOC100643532,XM_012311267.1,PREDICTED: Bombus terrestris probable JmjC domain-containing histone demethylation protein 2C (LOC100643532) transcript variant X4,XM_012311267
LOC100643532,LOC100643532,XM_012311265.1,PREDICTED: Bombus terrestris probable JmjC domain-containing histone demethylation protein 2C (LOC100643532) transcript variant X2,XM_012311265
LOC100643532,LOC100643532,XM_012311266.1,PREDICTED: Bombus terrestris probable JmjC domain-containing histone demethylation protein 2C (LOC100643532) transcript variant X3,XM_012311266
LOC100643580,LOC100643580,XM_003398125.2,PREDICTED: Bombus terrestris purine nucleoside phosphorylase-like (LOC100643580) transcript variant X1,XM_003398125
LOC100643580,LOC100643580,XM_012312426.1,PREDICTED: Bombus terrestris purine nucleoside phosphorylase-like (LOC100643580) transcript variant X3,XM_012312426
LOC100643580,LOC100643580,XM_012312425.1,PREDICTED: Bombus terrestris purine nucleoside phosphorylase-like (LOC100643580) transcript variant X2,XM_012312425
LOC100643590,LOC100643590,XM_012315850.1,PREDICTED: Bombus terrestris uncharacterized LOC100643590 (LOC100643590),XM_012315850
LOC100643625,LOC100643625,XM_003400132.2, PREDICTED: Bombus terrestris putative pyridoxamine 5-phosphate oxidase (LOC100643625) ,XM_003400132
LOC100643660,LOC100643660,XM_012312656.1,PREDICTED: Bombus terrestris kelch-like protein 10 (LOC100643660),XM_012312656
LOC100643673,LOC100643673,XM_012319119.1,PREDICTED: Bombus terrestris 12 kDa FK506-binding protein (LOC100643673),XM_012319119
LOC100643686,LOC100643686,XM_012307673.1,PREDICTED: Bombus terrestris uncharacterized LOC100643686 (LOC100643686),XM_012307673
LOC100643709,LOC100643709,XM_003400297.2,PREDICTED: Bombus terrestris gastrin-releasing peptide receptor-like (LOC100643709),XM_003400297
LOC100643792,LOC100643792,XM_003403301.2,PREDICTED: Bombus terrestris programmed cell death protein 5 (LOC100643792),XM_003403301
LOC100643843,LOC100643843,XM_003393612.2,PREDICTED: Bombus terrestris mitochondrial fission 1 protein (LOC100643843),XM_003393612
LOC100643926,LOC100643926,XM_012308134.1,PREDICTED: Bombus terrestris uncharacterized LOC100643926 (LOC100643926) transcript variant X3,XM_012308134
LOC100643926,LOC100643926,XM_012308135.1,PREDICTED: Bombus terrestris uncharacterized LOC100643926 (LOC100643926) transcript variant X4,XM_012308135
LOC100643926,LOC100643926,XM_012308133.1,PREDICTED: Bombus terrestris uncharacterized LOC100643926 (LOC100643926) transcript variant X2,XM_012308133
LOC100643926,LOC100643926,XM_012308140.1,PREDICTED: Bombus terrestris uncharacterized LOC100643926 (LOC100643926) transcript variant X9,XM_012308140
LOC100643926,LOC100643926,XM_012308132.1,PREDICTED: Bombus terrestris uncharacterized LOC100643926 (LOC100643926) transcript variant X1,XM_012308132
LOC100643926,LOC100643926,XM_012308138.1,PREDICTED: Bombus terrestris uncharacterized LOC100643926 (LOC100643926) transcript variant X7,XM_012308138
LOC100643926,LOC100643926,XM_012308137.1,PREDICTED: Bombus terrestris uncharacterized LOC100643926 (LOC100643926) transcript variant X6,XM_012308137
LOC100643926,LOC100643926,XM_012308136.1,PREDICTED: Bombus terrestris uncharacterized LOC100643926 (LOC100643926) transcript variant X5,XM_012308136
LOC100643926,LOC100643926,XM_012308139.1,PREDICTED: Bombus terrestris uncharacterized LOC100643926 (LOC100643926) transcript variant X8,XM_012308139
LOC100644207,LOC100644207,LOC100644326,XM_012308892.1,PREDICTED: Bombus terrestris zinc finger protein 569-like (LOC100644207) transcript variant X1,XM_012308892
LOC100644207,LOC100644207,LOC100644326,XM_012308894.1,PREDICTED: Bombus terrestris zinc finger protein 569-like (LOC100644207) transcript variant X3,XM_012308894
LOC100644207,LOC100644207,LOC100644326,XM_003395710.2,PREDICTED: Bombus terrestris zinc finger protein 569-like (LOC100644207) transcript variant X2,XM_003395710
LOC100644207,LOC100644207,LOC100644326,XM_012308895.1,PREDICTED: Bombus terrestris zinc finger protein 569-like (LOC100644207) transcript variant X4,XM_012308895
LOC100644369,LOC100644369,XM_003397249.2,PREDICTED: Bombus terrestris esterase FE4-like (LOC100644369),XM_003397249
LOC100644439,LOC100644439,XM_003396194.2,PREDICTED: Bombus terrestris myosin regulatory light chain sqh (LOC100644439),XM_003396194
LOC100644462,LOC100644462,XM_003401197.2,PREDICTED: Bombus terrestris facilitated trehalose transporter Tret1-like (LOC100644462) transcript variant X1,XM_003401197
LOC100644462,LOC100644462,XM_003401198.2,PREDICTED: Bombus terrestris facilitated trehalose transporter Tret1-like (LOC100644462) transcript variant X2,XM_003401198
LOC100644462,LOC100644462,XM_012317005.1,PREDICTED: Bombus terrestris facilitated trehalose transporter Tret1-like (LOC100644462) transcript variant X3,XM_012317005
LOC100644542,LOC100644542,XM_012319280.1,PREDICTED: Bombus terrestris wiskott-Aldrich syndrome protein family member 3 (LOC100644542) transcript variant X1,XM_012319280
LOC100644542,LOC100644542,XM_012319281.1,PREDICTED: Bombus terrestris wiskott-Aldrich syndrome protein family member 3 (LOC100644542) transcript variant X2,XM_012319281
LOC100644542,LOC100644542,XM_003402776.2,PREDICTED: Bombus terrestris wiskott-Aldrich syndrome protein family member 3 (LOC100644542) transcript variant X3,XM_003402776
LOC100644650,LOC100644650,XM_003398781.2,PREDICTED: Bombus terrestris adenylate kinase isoenzyme 5 (LOC100644650),XM_003398781
LOC100644663,LOC100644663,XM_003402547.2,PREDICTED: Bombus terrestris putative uncharacterized protein DDB_G0271606 (LOC100644663),XM_003402547
LOC100644757,LOC100644757,XM_012308665.1,PREDICTED: Bombus terrestris tubulin--tyrosine ligase-like protein 12 (LOC100644757),XM_012308665
LOC100644777,LOC100644777,LOC100648533,XM_012315421.1,PREDICTED: Bombus terrestris breast cancer metastasis-suppressor 1-like protein (LOC100644777) transcript variant X2,XM_012315421
LOC100644777,LOC100644777,LOC100648533,XM_012315422.1,PREDICTED: Bombus terrestris breast cancer metastasis-suppressor 1-like protein (LOC100644777) transcript variant X4,XM_012315422
LOC100644777,LOC100644777,LOC100648533,XM_003400143.2,PREDICTED: Bombus terrestris breast cancer metastasis-suppressor 1-like protein (LOC100644777) transcript variant X3,XM_003400143
LOC100644777,LOC100644777,LOC100648533,XM_003400142.2,PREDICTED: Bombus terrestris breast cancer metastasis-suppressor 1-like protein (LOC100644777) transcript variant X1,XM_003400142
LOC100644917,LOC100644917,XM_012314991.1,PREDICTED: Bombus terrestris uncharacterized LOC100644917 (LOC100644917) transcript variant X1,XM_012314991
LOC100644917,LOC100644917,XM_012315001.1,PREDICTED: Bombus terrestris uncharacterized LOC100644917 (LOC100644917) transcript variant X2,XM_012315001
LOC100644943,LOC100644943,XM_012317114.1,PREDICTED: Bombus terrestris interleukin enhancer-binding factor 2 (LOC100644943) transcript variant X1,XM_012317114
LOC100644943,LOC100644943,XM_012317115.1,PREDICTED: Bombus terrestris interleukin enhancer-binding factor 2 (LOC100644943) transcript variant X3,XM_012317115
LOC100644943,LOC100644943,XM_003401282.2,PREDICTED: Bombus terrestris interleukin enhancer-binding factor 2 (LOC100644943) transcript variant X2,XM_003401282
LOC100645186,LOC100645186,XM_003394266.2,PREDICTED: Bombus terrestris 26S proteasome non-ATPase regulatory subunit 5 (LOC100645186),XM_003394266
LOC100645337,LOC100645337,XM_003398868.2,PREDICTED: Bombus terrestris ral guanine nucleotide dissociation stimulator (LOC100645337) transcript variant X1,XM_003398868
LOC100645337,LOC100645337,XM_012313634.1,PREDICTED: Bombus terrestris ral guanine nucleotide dissociation stimulator (LOC100645337) transcript variant X4,XM_012313634
LOC100645337,LOC100645337,XM_012313633.1,PREDICTED: Bombus terrestris ral guanine nucleotide dissociation stimulator (LOC100645337) transcript variant X3,XM_012313633
LOC100645337,LOC100645337,XM_012313632.1,PREDICTED: Bombus terrestris ral guanine nucleotide dissociation stimulator (LOC100645337) transcript variant X2,XM_012313632
LOC100645422,LOC100645422,LOC100647236,XM_003400393.2,PREDICTED: Bombus terrestris reversion-inducing cysteine-rich protein with Kazal motifs (LOC100645422),XM_003400393
LOC100645719,LOC100645719,LOC100646150,XM_003397176.2,PREDICTED: Bombus terrestris uncharacterized LOC100645719 (LOC100645719),XM_003397176
LOC100645722,LOC100645722,XM_012312260.1,PREDICTED: Bombus terrestris uncharacterized LOC100645722 (LOC100645722) transcript variant X2,XM_012312260
LOC100645722,LOC100645722,XM_003397979.2,PREDICTED: Bombus terrestris uncharacterized LOC100645722 (LOC100645722) transcript variant X1,XM_003397979
LOC100645760,LOC100645760,XM_003397822.2,PREDICTED: Bombus terrestris ufm1-specific protease 1 (LOC100645760),XM_003397822
LOC100646006,LOC100646006,XM_003400398.2,PREDICTED: Bombus terrestris methylcrotonoyl-CoA carboxylase beta chain,XM_003400398
LOC100646019,LOC100646019,XM_003395228.2,PREDICTED: Bombus terrestris josephin-2 (LOC100646019),XM_003395228
LOC100646048,LOC100646048,XM_003402559.2,PREDICTED: Bombus terrestris aminopeptidase N (LOC100646048),XM_003402559
LOC100646236,LOC100646236,NA,NA,NA
LOC100646242,LOC100646242,XM_003400971.2,PREDICTED: Bombus terrestris leucine-rich repeat-containing protein 15-like (LOC100646242),XM_003400971
LOC100646253,LOC100646253,XM_003393628.2,PREDICTED: Bombus terrestris splicing factor,XM_003393628
LOC100646253,LOC100646253,XM_012317163.1,PREDICTED: Bombus terrestris splicing factor,XM_012317163
LOC100646253,LOC100646253,XM_012317167.1,PREDICTED: Bombus terrestris splicing factor,XM_012317167
LOC100646403,LOC100646403,XM_012320671.1,PREDICTED: Bombus terrestris probable G-protein coupled receptor B0563.6 (LOC100646403) transcript variant X2,XM_012320671
LOC100646403,LOC100646403,XM_003394191.2,PREDICTED: Bombus terrestris probable G-protein coupled receptor B0563.6 (LOC100646403) transcript variant X1,XM_003394191
LOC100646427,LOC100646427,XM_003398476.2,PREDICTED: Bombus terrestris proliferating cell nuclear antigen (LOC100646427),XM_003398476
LOC100646570,LOC100646570,XM_012319678.1,PREDICTED: Bombus terrestris midnolin-like (LOC100646570) transcript variant X1,XM_012319678
LOC100646570,LOC100646570,XM_003403017.2,PREDICTED: Bombus terrestris midnolin-like (LOC100646570) transcript variant X2,XM_003403017
LOC100646731,LOC100646731,XM_003393324.2,PREDICTED: Bombus terrestris RNA-binding protein 8A (LOC100646731),XM_003393324
LOC100646937,LOC100646937,XM_003392847.2,PREDICTED: Bombus terrestris vesicle transport protein SEC20 (LOC100646937) transcript variant X1,XM_003392847
LOC100646937,LOC100646937,XM_012314565.1,PREDICTED: Bombus terrestris vesicle transport protein SEC20 (LOC100646937) transcript variant X4,XM_012314565
LOC100646937,LOC100646937,XM_012314626.1,PREDICTED: Bombus terrestris vesicle transport protein SEC20 (LOC100646937) transcript variant X5,XM_012314626
LOC100646937,LOC100646937,XM_012314449.1,PREDICTED: Bombus terrestris vesicle transport protein SEC20 (LOC100646937) transcript variant X2,XM_012314449
LOC100646937,LOC100646937,XM_012314678.1,PREDICTED: Bombus terrestris vesicle transport protein SEC20 (LOC100646937) transcript variant X6,XM_012314678
LOC100646937,LOC100646937,XM_012314515.1,PREDICTED: Bombus terrestris vesicle transport protein SEC20 (LOC100646937) transcript variant X3,XM_012314515
LOC100647027,LOC100647027,LOC100650883,XM_003396377.2,PREDICTED: Bombus terrestris serine/threonine-protein kinase mos (LOC100647027),XM_003396377
LOC100647030,LOC100647030,XM_012311706.1,PREDICTED: Bombus terrestris mitochondrial ribosome-associated GTPase 2 (LOC100647030),XM_012311706
LOC100647093,LOC100647093,XM_003394668.2,PREDICTED: Bombus terrestris probable nuclear transport factor 2 (LOC100647093) transcript variant X1,XM_003394668
LOC100647093,LOC100647093,XM_012321239.1,PREDICTED: Bombus terrestris probable nuclear transport factor 2 (LOC100647093) transcript variant X3,XM_012321239
LOC100647093,LOC100647093,XM_003394669.2,PREDICTED: Bombus terrestris probable nuclear transport factor 2 (LOC100647093) transcript variant X2,XM_003394669
LOC100647093,LOC100647093,XM_012321240.1,PREDICTED: Bombus terrestris probable nuclear transport factor 2 (LOC100647093) transcript variant X4,XM_012321240
LOC100647107,LOC100647107,XM_012312464.1,PREDICTED: Bombus terrestris tripeptidyl-peptidase 2 (LOC100647107),XM_012312464
LOC100647387,LOC100647387,XM_012312788.1,PREDICTED: Bombus terrestris arf-GAP with SH3 domain,XM_012312788
LOC100647387,LOC100647387,XM_012312784.1,PREDICTED: Bombus terrestris arf-GAP with SH3 domain,XM_012312784
LOC100647387,LOC100647387,XM_012312777.1,PREDICTED: Bombus terrestris arf-GAP with SH3 domain,XM_012312777
LOC100647387,LOC100647387,XM_012312781.1,PREDICTED: Bombus terrestris arf-GAP with SH3 domain,XM_012312781
LOC100647387,LOC100647387,XM_012312785.1,PREDICTED: Bombus terrestris arf-GAP with SH3 domain,XM_012312785
LOC100647387,LOC100647387,XM_012312782.1,PREDICTED: Bombus terrestris arf-GAP with SH3 domain,XM_012312782
LOC100647387,LOC100647387,XM_012312780.1,PREDICTED: Bombus terrestris arf-GAP with SH3 domain,XM_012312780
LOC100647387,LOC100647387,XM_003398401.2,PREDICTED: Bombus terrestris arf-GAP with SH3 domain,XM_003398401
LOC100647387,LOC100647387,XM_012312779.1,PREDICTED: Bombus terrestris arf-GAP with SH3 domain,XM_012312779
LOC100647387,LOC100647387,XM_012312778.1,PREDICTED: Bombus terrestris arf-GAP with SH3 domain,XM_012312778
LOC100647387,LOC100647387,XM_012312783.1,PREDICTED: Bombus terrestris arf-GAP with SH3 domain,XM_012312783
LOC100647387,LOC100647387,XM_012312789.1,PREDICTED: Bombus terrestris arf-GAP with SH3 domain,XM_012312789
LOC100647387,LOC100647387,XM_012312787.1,PREDICTED: Bombus terrestris arf-GAP with SH3 domain,XM_012312787
LOC100647436,LOC100647436,XM_003400574.2,PREDICTED: Bombus terrestris succinate dehydrogenase cytochrome b560 subunit,XM_003400574
LOC100647486,LOC100647486,XM_012319763.1,PREDICTED: Bombus terrestris ATP synthase lipid-binding protein,XM_012319763
LOC100647596,LOC100647596,XM_003402105.2,PREDICTED: Bombus terrestris insulin-like growth factor-binding protein complex acid labile subunit (LOC100647596),XM_003402105
LOC100647617,LOC100647617,XM_003396058.2,PREDICTED: Bombus terrestris N-acetylglucosamine-6-sulfatase-like (LOC100647617),XM_003396058
LOC100647751,LOC100647751,XR_001099313.1,PREDICTED: Bombus terrestris uncharacterized LOC100647751 (LOC100647751) transcript variant X4,XR_001099313
LOC100647751,LOC100647751,XM_012316344.1,PREDICTED: Bombus terrestris uncharacterized LOC100647751 (LOC100647751) transcript variant X2,XM_012316344
LOC100647751,LOC100647751,XM_003400817.2,PREDICTED: Bombus terrestris uncharacterized LOC100647751 (LOC100647751) transcript variant X1,XM_003400817
LOC100647751,LOC100647751,XR_001099312.1,PREDICTED: Bombus terrestris uncharacterized LOC100647751 (LOC100647751) transcript variant X3,XR_001099312
LOC100647766,LOC100647766,XM_003394436.2,PREDICTED: Bombus terrestris mitochondrial import inner membrane translocase subunit Tim13-like (LOC100647766),XM_003394436
LOC100647996,LOC100647996,NA,NA,NA
LOC100648018,LOC100648018,XM_012308927.1,PREDICTED: Bombus terrestris E3 ubiquitin-protein ligase RNF34 (LOC100648018) transcript variant X2,XM_012308927
LOC100648018,LOC100648018,XM_012308926.1,PREDICTED: Bombus terrestris E3 ubiquitin-protein ligase RNF34 (LOC100648018) transcript variant X1,XM_012308926
LOC100648079,LOC100648079,XM_003402730.2,PREDICTED: Bombus terrestris endoglucanase 15-like (LOC100648079),XM_003402730
LOC100648085,LOC100648085,XM_012318993.1,PREDICTED: Bombus terrestris AF4/FMR2 family member 4 (LOC100648085) transcript variant X2,XM_012318993
LOC100648085,LOC100648085,XM_012318999.1,PREDICTED: Bombus terrestris AF4/FMR2 family member 4 (LOC100648085) transcript variant X3,XM_012318999
LOC100648085,LOC100648085,XM_012319027.1,PREDICTED: Bombus terrestris AF4/FMR2 family member 4 (LOC100648085) transcript variant X8,XM_012319027
LOC100648085,LOC100648085,XM_012319030.1,PREDICTED: Bombus terrestris AF4/FMR2 family member 4 (LOC100648085) transcript variant X9,XM_012319030
LOC100648085,LOC100648085,XM_012319002.1,PREDICTED: Bombus terrestris AF4/FMR2 family member 4 (LOC100648085) transcript variant X4,XM_012319002
LOC100648085,LOC100648085,XM_012319013.1,PREDICTED: Bombus terrestris AF4/FMR2 family member 4 (LOC100648085) transcript variant X6,XM_012319013
LOC100648085,LOC100648085,XM_012319022.1,PREDICTED: Bombus terrestris AF4/FMR2 family member 4 (LOC100648085) transcript variant X7,XM_012319022
LOC100648085,LOC100648085,XM_012319033.1,PREDICTED: Bombus terrestris AF4/FMR2 family member 4 (LOC100648085) transcript variant X10,XM_012319033
LOC100648085,LOC100648085,XM_003393725.2,PREDICTED: Bombus terrestris AF4/FMR2 family member 4 (LOC100648085) transcript variant X5,XM_003393725
LOC100648085,LOC100648085,XM_012318986.1,PREDICTED: Bombus terrestris AF4/FMR2 family member 4 (LOC100648085) transcript variant X1,XM_012318986
LOC100648089,LOC100648089,XM_012308075.1,PREDICTED: Bombus terrestris calcium/calmodulin-dependent protein kinase type II alpha chain (LOC100648089) transcript variant X17,XM_012308075
LOC100648089,LOC100648089,XM_012308076.1,PREDICTED: Bombus terrestris calcium/calmodulin-dependent protein kinase type II alpha chain (LOC100648089) transcript variant X18,XM_012308076
LOC100648089,LOC100648089,XM_012308077.1,PREDICTED: Bombus terrestris calcium/calmodulin-dependent protein kinase type II alpha chain (LOC100648089) transcript variant X19,XM_012308077
LOC100648089,LOC100648089,XM_012308063.1,PREDICTED: Bombus terrestris calcium/calmodulin-dependent protein kinase type II alpha chain (LOC100648089) transcript variant X5,XM_012308063
LOC100648089,LOC100648089,XM_012308067.1,PREDICTED: Bombus terrestris calcium/calmodulin-dependent protein kinase type II alpha chain (LOC100648089) transcript variant X8,XM_012308067
LOC100648089,LOC100648089,XM_012308085.1,PREDICTED: Bombus terrestris calcium/calmodulin-dependent protein kinase type II alpha chain (LOC100648089) transcript variant X28,XM_012308085
LOC100648089,LOC100648089,XM_003395005.2,PREDICTED: Bombus terrestris calcium/calmodulin-dependent protein kinase type II alpha chain (LOC100648089) transcript variant X11,XM_003395005
LOC100648089,LOC100648089,XM_012308060.1,PREDICTED: Bombus terrestris calcium/calmodulin-dependent protein kinase type II alpha chain (LOC100648089) transcript variant X2,XM_012308060
LOC100648089,LOC100648089,XM_012308072.1,PREDICTED: Bombus terrestris calcium/calmodulin-dependent protein kinase type II alpha chain (LOC100648089) transcript variant X14,XM_012308072
LOC100648089,LOC100648089,XM_012308066.1,PREDICTED: Bombus terrestris calcium/calmodulin-dependent protein kinase type II alpha chain (LOC100648089) transcript variant X7,XM_012308066
LOC100648089,LOC100648089,XM_012308062.1,PREDICTED: Bombus terrestris calcium/calmodulin-dependent protein kinase type II alpha chain (LOC100648089) transcript variant X4,XM_012308062
LOC100648089,LOC100648089,XM_012308065.1,PREDICTED: Bombus terrestris calcium/calmodulin-dependent protein kinase type II alpha chain (LOC100648089) transcript variant X6,XM_012308065
LOC100648089,LOC100648089,XM_012308069.1,PREDICTED: Bombus terrestris calcium/calmodulin-dependent protein kinase type II alpha chain (LOC100648089) transcript variant X10,XM_012308069
LOC100648089,LOC100648089,XM_012308080.1,PREDICTED: Bombus terrestris calcium/calmodulin-dependent protein kinase type II alpha chain (LOC100648089) transcript variant X23,XM_012308080
LOC100648089,LOC100648089,XM_012308071.1,PREDICTED: Bombus terrestris calcium/calmodulin-dependent protein kinase type II alpha chain (LOC100648089) transcript variant X13,XM_012308071
LOC100648089,LOC100648089,XM_012308078.1,PREDICTED: Bombus terrestris calcium/calmodulin-dependent protein kinase type II alpha chain (LOC100648089) transcript variant X21,XM_012308078
LOC100648089,LOC100648089,XM_012308081.1,PREDICTED: Bombus terrestris calcium/calmodulin-dependent protein kinase type II alpha chain (LOC100648089) transcript variant X24,XM_012308081
LOC100648089,LOC100648089,XM_012308070.1,PREDICTED: Bombus terrestris calcium/calmodulin-dependent protein kinase type II alpha chain (LOC100648089) transcript variant X12,XM_012308070
LOC100648089,LOC100648089,XM_012308068.1,PREDICTED: Bombus terrestris calcium/calmodulin-dependent protein kinase type II alpha chain (LOC100648089) transcript variant X9,XM_012308068
LOC100648089,LOC100648089,XM_012308059.1,PREDICTED: Bombus terrestris calcium/calmodulin-dependent protein kinase type II alpha chain (LOC100648089) transcript variant X1,XM_012308059
LOC100648089,LOC100648089,XM_012308083.1,PREDICTED: Bombus terrestris calcium/calmodulin-dependent protein kinase type II alpha chain (LOC100648089) transcript variant X26,XM_012308083
LOC100648089,LOC100648089,XM_012308073.1,PREDICTED: Bombus terrestris calcium/calmodulin-dependent protein kinase type II alpha chain (LOC100648089) transcript variant X15,XM_012308073
LOC100648089,LOC100648089,XM_012308084.1,PREDICTED: Bombus terrestris calcium/calmodulin-dependent protein kinase type II alpha chain (LOC100648089) transcript variant X27,XM_012308084
LOC100648089,LOC100648089,XM_012308061.1,PREDICTED: Bombus terrestris calcium/calmodulin-dependent protein kinase type II alpha chain (LOC100648089) transcript variant X3,XM_012308061
LOC100648089,LOC100648089,XM_003395004.2,PREDICTED: Bombus terrestris calcium/calmodulin-dependent protein kinase type II alpha chain (LOC100648089) transcript variant X25,XM_003395004
LOC100648089,LOC100648089,XM_012308079.1,PREDICTED: Bombus terrestris calcium/calmodulin-dependent protein kinase type II alpha chain (LOC100648089) transcript variant X22,XM_012308079
LOC100648089,LOC100648089,XM_003395006.2,PREDICTED: Bombus terrestris calcium/calmodulin-dependent protein kinase type II alpha chain (LOC100648089) transcript variant X20,XM_003395006
LOC100648089,LOC100648089,XM_003395003.2,PREDICTED: Bombus terrestris calcium/calmodulin-dependent protein kinase type II alpha chain (LOC100648089) transcript variant X16,XM_003395003
LOC100648203,LOC100648203,XM_012308595.1,PREDICTED: Bombus terrestris baculoviral IAP repeat-containing protein 6 (LOC100648203) transcript variant X1,XM_012308595
LOC100648203,LOC100648203,XM_003395487.2,PREDICTED: Bombus terrestris baculoviral IAP repeat-containing protein 6 (LOC100648203) transcript variant X2,XM_003395487
LOC100648256,LOC100648256,XM_012314226.1,PREDICTED: Bombus terrestris integrin beta-nu (LOC100648256) transcript variant X1,XM_012314226
LOC100648256,LOC100648256,XM_012314228.1,PREDICTED: Bombus terrestris integrin beta-nu (LOC100648256) transcript variant X3,XM_012314228
LOC100648256,LOC100648256,XM_012314227.1,PREDICTED: Bombus terrestris integrin beta-nu (LOC100648256) transcript variant X2,XM_012314227
LOC100648395,LOC100648395,XM_003396226.2,PREDICTED: Bombus terrestris pyruvate dehydrogenase [acetyl-transferring-phosphatase 1,XM_003396226
LOC100648452,LOC100648452,XM_003400007.2,PREDICTED: Bombus terrestris COP9 signalosome complex subunit 7b (LOC100648452) transcript variant X3,XM_003400007
LOC100648452,LOC100648452,XM_012315391.1,PREDICTED: Bombus terrestris COP9 signalosome complex subunit 7b (LOC100648452) transcript variant X2,XM_012315391
LOC100648452,LOC100648452,XM_012315390.1,PREDICTED: Bombus terrestris COP9 signalosome complex subunit 7b (LOC100648452) transcript variant X1,XM_012315390
LOC100648482,LOC100648482,XM_003399138.2,PREDICTED: Bombus terrestris antichymotrypsin-2-like (LOC100648482),XM_003399138
LOC100648530,LOC100648530,LOC100648994,XM_012315182.1,PREDICTED: Bombus terrestris splicing factor U2af 38 kDa subunit (LOC100648530),XM_012315182
LOC100648627,LOC100648627,XM_012309036.1,PREDICTED: Bombus terrestris CAAX prenyl protease 1 homolog (LOC100648627),XM_012309036
LOC100648645,LOC100648645,XM_012313434.1,PREDICTED: Bombus terrestris sorting nexin-8-like (LOC100648645) transcript variant X1,XM_012313434
LOC100648645,LOC100648645,XM_003398813.2,PREDICTED: Bombus terrestris sorting nexin-8-like (LOC100648645) transcript variant X2,XM_003398813
LOC100648717,LOC100648717,XM_012314075.1,PREDICTED: Bombus terrestris serine protease inhibitor 3/4-like (LOC100648717),XM_012314075
LOC100648804,LOC100648804,XM_003401873.2,PREDICTED: Bombus terrestris solute carrier family 35 member E1 homolog (LOC100648804),XM_003401873
LOC100648813,LOC100648813,XM_012316259.1,PREDICTED: Bombus terrestris delta(34)-dienoyl-CoA isomerase mitochondrial (LOC100648813),XM_012316259
LOC100648826,LOC100648826,XM_003396631.2,PREDICTED: Bombus terrestris enoyl-CoA delta isomerase 1,XM_003396631
LOC100648826,LOC100648826,XM_012310349.1,PREDICTED: Bombus terrestris enoyl-CoA delta isomerase 1,XM_012310349
LOC100648830,LOC100648830,XM_003398087.2,PREDICTED: Bombus terrestris glyceraldehyde-3-phosphate dehydrogenase 2 (LOC100648830),XM_003398087
LOC100648836,LOC100648836,XM_003399455.2,PREDICTED: Bombus terrestris uncharacterized LOC100648836 (LOC100648836),XM_003399455
LOC100649081,LOC100649081,XM_003393733.2,PREDICTED: Bombus terrestris DNA polymerase subunit gamma-1,XM_003393733
LOC100649133,LOC100649133,XM_003394848.2,PREDICTED: Bombus terrestris actin-related protein 2/3 complex subunit 3 (LOC100649133),XM_003394848
LOC100649182,LOC100649182,XM_012312705.1,PREDICTED: Bombus terrestris adenylyl cyclase-associated protein 1 (LOC100649182),XM_012312705
LOC100649239,LOC100649239,XM_003402344.2,PREDICTED: Bombus terrestris growth/differentiation factor 11 (LOC100649239),XM_003402344
LOC100649251,LOC100649251,XM_003393892.2,PREDICTED: Bombus terrestris vitellogenin-like (LOC100649251),XM_003393892
LOC100649460,LOC100649460,XM_012313198.1,PREDICTED: Bombus terrestris ubiquitin-like-conjugating enzyme ATG10 (LOC100649460) transcript variant X2,XM_012313198
LOC100649460,LOC100649460,XM_003398738.2,PREDICTED: Bombus terrestris ubiquitin-like-conjugating enzyme ATG10 (LOC100649460) transcript variant X1,XM_003398738
LOC100649460,LOC100649460,XM_012313199.1,PREDICTED: Bombus terrestris ubiquitin-like-conjugating enzyme ATG10 (LOC100649460) transcript variant X3,XM_012313199
LOC100649657,LOC100649657,XM_012310894.1,PREDICTED: Bombus terrestris apoptosis-inducing factor 3-like (LOC100649657) transcript variant X2,XM_012310894
LOC100649657,LOC100649657,XM_012310895.1,PREDICTED: Bombus terrestris apoptosis-inducing factor 3-like (LOC100649657) transcript variant X3,XM_012310895
LOC100649657,LOC100649657,XM_012310896.1,PREDICTED: Bombus terrestris apoptosis-inducing factor 3-like (LOC100649657) transcript variant X4,XM_012310896
LOC100649657,LOC100649657,XM_003396964.2,PREDICTED: Bombus terrestris apoptosis-inducing factor 3-like (LOC100649657) transcript variant X1,XM_003396964
LOC100649750,LOC100649750,XM_003401404.2,PREDICTED: Bombus terrestris 39S ribosomal protein L32,XM_003401404
LOC100649882,LOC100649882,XM_012310247.1,PREDICTED: Bombus terrestris nuclear hormone receptor FTZ-F1 (LOC100649882) transcript variant X4,XM_012310247
LOC100649882,LOC100649882,XM_003396555.2,PREDICTED: Bombus terrestris nuclear hormone receptor FTZ-F1 (LOC100649882) transcript variant X3,XM_003396555
LOC100649882,LOC100649882,XM_012310245.1,PREDICTED: Bombus terrestris nuclear hormone receptor FTZ-F1 (LOC100649882) transcript variant X1,XM_012310245
LOC100649882,LOC100649882,XM_012310246.1,PREDICTED: Bombus terrestris nuclear hormone receptor FTZ-F1 (LOC100649882) transcript variant X2,XM_012310246
LOC100649916,LOC100649916,LOC100650235,XM_012320260.1,PREDICTED: Bombus terrestris KN motif and ankyrin repeat domain-containing protein 2 (LOC100649916) transcript variant X6,XM_012320260
LOC100649916,LOC100649916,LOC100650235,XM_012320257.1,PREDICTED: Bombus terrestris KN motif and ankyrin repeat domain-containing protein 2 (LOC100649916) transcript variant X3,XM_012320257
LOC100649916,LOC100649916,LOC100650235,XM_012320256.1,PREDICTED: Bombus terrestris KN motif and ankyrin repeat domain-containing protein 2 (LOC100649916) transcript variant X1,XM_012320256
LOC100649916,LOC100649916,LOC100650235,XM_012320258.1,PREDICTED: Bombus terrestris KN motif and ankyrin repeat domain-containing protein 2 (LOC100649916) transcript variant X4,XM_012320258
LOC100649916,LOC100649916,LOC100650235,XM_012320259.1,PREDICTED: Bombus terrestris KN motif and ankyrin repeat domain-containing protein 2 (LOC100649916) transcript variant X5,XM_012320259
LOC100649916,LOC100649916,LOC100650235,XM_003393897.2,PREDICTED: Bombus terrestris KN motif and ankyrin repeat domain-containing protein 2 (LOC100649916) transcript variant X2,XM_003393897
LOC100649916,LOC100649916,LOC100650235,XM_012320261.1,PREDICTED: Bombus terrestris KN motif and ankyrin repeat domain-containing protein 2 (LOC100649916) transcript variant X7,XM_012320261
LOC100650055,LOC100650055,XM_003400348.2,PREDICTED: Bombus terrestris glutamate dehydrogenase,XM_003400348
LOC100650118,LOC100650118,XM_003396883.2,PREDICTED: Bombus terrestris pyrimidodiazepine synthase-like (LOC100650118),XM_003396883
LOC100650126,LOC100650126,XM_003399867.2,PREDICTED: Bombus terrestris cell differentiation protein RCD1 homolog (LOC100650126),XM_003399867
LOC100650136,LOC100650136,XM_012319129.1,PREDICTED: Bombus terrestris adenylosuccinate synthetase (LOC100650136),XM_012319129
LOC100650199,LOC100650199,XM_003395590.2,PREDICTED: Bombus terrestris myosin-VIIa (LOC100650199) transcript variant X3,XM_003395590
LOC100650199,LOC100650199,XM_012308725.1,PREDICTED: Bombus terrestris myosin-VIIa (LOC100650199) transcript variant X1,XM_012308725
LOC100650199,LOC100650199,XM_012308727.1,PREDICTED: Bombus terrestris myosin-VIIa (LOC100650199) transcript variant X4,XM_012308727
LOC100650199,LOC100650199,XM_012308726.1,PREDICTED: Bombus terrestris myosin-VIIa (LOC100650199) transcript variant X2,XM_012308726
LOC100650419,LOC100650419,XM_012317071.1,PREDICTED: Bombus terrestris vacuolar protein sorting-associated protein 45 (LOC100650419) transcript variant X1,XM_012317071
LOC100650419,LOC100650419,XM_012317072.1,PREDICTED: Bombus terrestris vacuolar protein sorting-associated protein 45 (LOC100650419) transcript variant X2,XM_012317072
LOC100650460,LOC100650460,XM_012316750.1,PREDICTED: Bombus terrestris transferrin (LOC100650460),XM_012316750
LOC100650528,LOC100650528,XM_012310707.1,PREDICTED: Bombus terrestris uncharacterized LOC100650528 (LOC100650528),XM_012310707
LOC100650563,LOC100650563,XM_003396560.2,PREDICTED: Bombus terrestris protein arginine N-methyltransferase 5 (LOC100650563),XM_003396560
LOC100650588,LOC100650588,XM_003403131.2,PREDICTED: Bombus terrestris facilitated trehalose transporter Tret1 (LOC100650588),XM_003403131
LOC100650700,LOC100650700,XM_003400195.2,PREDICTED: Bombus terrestris uncharacterized LOC100650700 (LOC100650700) transcript variant X2,XM_003400195
LOC100650700,LOC100650700,XM_012315607.1,PREDICTED: Bombus terrestris uncharacterized LOC100650700 (LOC100650700) transcript variant X3,XM_012315607
LOC100650700,LOC100650700,XM_003400194.2,PREDICTED: Bombus terrestris uncharacterized LOC100650700 (LOC100650700) transcript variant X1,XM_003400194
LOC100650718,LOC100650718,XM_012320721.1,PREDICTED: Bombus terrestris uncharacterized LOC100650718 (LOC100650718) transcript variant X1,XM_012320721
LOC100650718,LOC100650718,XM_012320722.1,PREDICTED: Bombus terrestris uncharacterized LOC100650718 (LOC100650718) transcript variant X2,XM_012320722
LOC100650881,LOC100650881,XR_001098691.1,PREDICTED: Bombus terrestris E3 ubiquitin-protein ligase TRIP12 (LOC100650881) transcript variant X6,XR_001098691
LOC100650881,LOC100650881,XM_012308411.1,PREDICTED: Bombus terrestris E3 ubiquitin-protein ligase TRIP12 (LOC100650881) transcript variant X4,XM_012308411
LOC100650881,LOC100650881,XM_012308410.1,PREDICTED: Bombus terrestris E3 ubiquitin-protein ligase TRIP12 (LOC100650881) transcript variant X3,XM_012308410
LOC100650881,LOC100650881,XM_012308409.1,PREDICTED: Bombus terrestris E3 ubiquitin-protein ligase TRIP12 (LOC100650881) transcript variant X2,XM_012308409
LOC100650881,LOC100650881,XM_012308412.1,PREDICTED: Bombus terrestris E3 ubiquitin-protein ligase TRIP12 (LOC100650881) transcript variant X7,XM_012308412
LOC100650881,LOC100650881,XR_001098690.1,PREDICTED: Bombus terrestris E3 ubiquitin-protein ligase TRIP12 (LOC100650881) transcript variant X5,XR_001098690
LOC100650881,LOC100650881,XM_003395679.2,PREDICTED: Bombus terrestris E3 ubiquitin-protein ligase TRIP12 (LOC100650881) transcript variant X1,XM_003395679
LOC100650895,LOC100650895,XM_003399155.2,PREDICTED: Bombus terrestris reactive oxygen species modulator 1 (LOC100650895),XM_003399155
LOC100650919,LOC100650919,XM_012321338.1,PREDICTED: Bombus terrestris peroxiredoxin-5,XM_012321338
LOC100650919,LOC100650919,XM_012321339.1,PREDICTED: Bombus terrestris peroxiredoxin-5,XM_012321339
LOC100650937,LOC100650937,XM_003400598.2,PREDICTED: Bombus terrestris putative ammonium transporter 3 (LOC100650937),XM_003400598
LOC100650995,LOC100650995,XM_003394147.2,PREDICTED: Bombus terrestris solute carrier family 23 member 1 (LOC100650995),XM_003394147
LOC100651026,LOC100651026,XR_001099474.1,PREDICTED: Bombus terrestris phosphofurin acidic cluster sorting protein 2 (LOC100651026) transcript variant X2,XR_001099474
LOC100651026,LOC100651026,XM_012318170.1,PREDICTED: Bombus terrestris phosphofurin acidic cluster sorting protein 2 (LOC100651026) transcript variant X5,XM_012318170
LOC100651026,LOC100651026,XM_003401970.2,PREDICTED: Bombus terrestris phosphofurin acidic cluster sorting protein 2 (LOC100651026) transcript variant X1,XM_003401970
LOC100651026,LOC100651026,XM_012318169.1,PREDICTED: Bombus terrestris phosphofurin acidic cluster sorting protein 2 (LOC100651026) transcript variant X3,XM_012318169
LOC100651026,LOC100651026,XM_003401969.2,PREDICTED: Bombus terrestris phosphofurin acidic cluster sorting protein 2 (LOC100651026) transcript variant X4,XM_003401969
LOC100651026,LOC100651026,XM_012318171.1,PREDICTED: Bombus terrestris phosphofurin acidic cluster sorting protein 2 (LOC100651026) transcript variant X6,XM_012318171
LOC100651026,LOC100651026,XM_012318173.1,PREDICTED: Bombus terrestris phosphofurin acidic cluster sorting protein 2 (LOC100651026) transcript variant X8,XM_012318173
LOC100651026,LOC100651026,XM_012318172.1,PREDICTED: Bombus terrestris phosphofurin acidic cluster sorting protein 2 (LOC100651026) transcript variant X7,XM_012318172
LOC100651065,LOC100651065,XM_003392963.2,PREDICTED: Bombus terrestris alpha-endosulfine (LOC100651065),XM_003392963
LOC100651170,LOC100651170,XM_003398998.2,PREDICTED: Bombus terrestris isocitrate dehydrogenase [NADP cytoplasmic (LOC100651170),XM_003398998
LOC100651175,LOC100651175,XM_003400687.2,PREDICTED: Bombus terrestris congested-like trachea protein (LOC100651175) transcript variant X1,XM_003400687
LOC100651175,LOC100651175,XM_012316415.1,PREDICTED: Bombus terrestris congested-like trachea protein (LOC100651175) transcript variant X2,XM_012316415
LOC100651473,LOC100651473,NA,NA,NA
LOC100651572,LOC100651572,XM_012312965.1,PREDICTED: Bombus terrestris uncharacterized LOC100651572 (LOC100651572) transcript variant X2,XM_012312965
LOC100651572,LOC100651572,XM_012312964.1,PREDICTED: Bombus terrestris uncharacterized LOC100651572 (LOC100651572) transcript variant X1,XM_012312964
LOC100651572,LOC100651572,XM_012312967.1,PREDICTED: Bombus terrestris uncharacterized LOC100651572 (LOC100651572) transcript variant X5,XM_012312967
LOC100651572,LOC100651572,XM_012312966.1,PREDICTED: Bombus terrestris uncharacterized LOC100651572 (LOC100651572) transcript variant X4,XM_012312966
LOC100651572,LOC100651572,XR_001099061.1,PREDICTED: Bombus terrestris uncharacterized LOC100651572 (LOC100651572) transcript variant X3,XR_001099061
LOC100651870,LOC100651870,XM_003393753.2,PREDICTED: Bombus terrestris limbic system-associated membrane protein-like (LOC100651870),XM_003393753
LOC100651879,LOC100651879,XM_003396172.2,PREDICTED: Bombus terrestris thioredoxin-like protein 4A (LOC100651879),XM_003396172
LOC100651887,LOC100651887,XM_012312347.1,PREDICTED: Bombus terrestris uncharacterized LOC100651887 (LOC100651887),XM_012312347
LOC100651902,LOC100651902,XM_003402217.2,PREDICTED: Bombus terrestris peptidyl-prolyl cis-trans isomerase-like (LOC100651902) transcript variant X1,XM_003402217
LOC100651902,LOC100651902,XM_012318434.1,PREDICTED: Bombus terrestris peptidyl-prolyl cis-trans isomerase-like (LOC100651902) transcript variant X2,XM_012318434
LOC100651902,LOC100651902,XM_012318436.1,PREDICTED: Bombus terrestris peptidyl-prolyl cis-trans isomerase-like (LOC100651902) transcript variant X4,XM_012318436
LOC100651902,LOC100651902,XM_003402218.2,PREDICTED: Bombus terrestris peptidyl-prolyl cis-trans isomerase-like (LOC100651902) transcript variant X5,XM_003402218
LOC100651902,LOC100651902,XM_012318435.1,PREDICTED: Bombus terrestris peptidyl-prolyl cis-trans isomerase-like (LOC100651902) transcript variant X3,XM_012318435
LOC100652002,LOC100652002,XM_012311952.1,PREDICTED: Bombus terrestris EF-hand calcium-binding domain-containing protein 1 (LOC100652002),XM_012311952
LOC100652032,LOC100652032,XM_003394319.2,PREDICTED: Bombus terrestris uncharacterized LOC100652032 (LOC100652032),XM_003394319
LOC100652039,LOC100652039,XM_003396091.2,PREDICTED: Bombus terrestris uncharacterized LOC100652039 (LOC100652039) transcript variant X1,XM_003396091
LOC100652039,LOC100652039,XM_012309359.1,PREDICTED: Bombus terrestris uncharacterized LOC100652039 (LOC100652039) transcript variant X2,XM_012309359
LOC100652039,LOC100652039,XM_012309360.1,PREDICTED: Bombus terrestris uncharacterized LOC100652039 (LOC100652039) transcript variant X3,XM_012309360
LOC100652215,LOC100652215,XM_003402607.2,PREDICTED: Bombus terrestris ubiquitin-conjugating enzyme E2 R2 (LOC100652215) transcript variant X1,XM_003402607
LOC100652215,LOC100652215,XM_012318913.1,PREDICTED: Bombus terrestris ubiquitin-conjugating enzyme E2 R2 (LOC100652215) transcript variant X2,XM_012318913
LOC100652275,LOC100652275,XM_012308571.1,PREDICTED: Bombus terrestris putative cysteine proteinase CG12163 (LOC100652275),XM_012308571
LOC100652301,LOC100652301,XM_003402528.2,PREDICTED: Bombus terrestris serine protease inhibitor 3/4-like (LOC100652301) partial ,XM_003402528
